participant_A_id,participant_B_id,match_score,llm_justification,icebreaker_topics,intro_message
eCUv6NgL2kLardsHDEq9FJ,grVBvV3DwuwopChg24BhEz,0.42873821934295964,This candidate blends software engineering and business development experience—shipping AI inference and RAG-based products—which complements the seeker's mix of EECS + business coursework and curiosity about early-stage companies and VC.,"['How business development informs technical product decisions at early-stage AI companies', 'Tradeoffs when shipping low-power inference vs cloud-based ML services', 'Evaluating product-market fit and go-to-market lessons for ML startups', 'Campus ML education initiatives and transitioning leadership into industry impact']","Connecting you because you both sit at the intersection of ML, product, and business: one as a student combining EECS and business coursework with campus ML leadership, and the other as a business-development engineer who ships AI inference and RAG products. This should be a good space to discuss career paths into startups/VC, lessons from building and commercializing ML features, and actionable advice for moving from campus projects to early-stage product work."
Du4KAVeePH66Zh4GHsUQGa,S3NCgDN9uKpuor8VGcDaZF,0.30984734168212463,"This candidate is a cloud engineer actively transitioning into MLOps with hands-on Kubernetes and AWS experience, making them well suited to give practical guidance to a student aiming for production ML and deployment roles.","['Kubernetes strategies for model deployment and common pitfalls', 'Building CI/CD pipelines for ML (automation and monitoring)', 'Career transition tips into MLOps from student or IT backgrounds']","Hi — I’m introducing you because one of you is a final-year CS student and former military IT professional aiming to break into production ML and startups, and the other is a cloud engineer moving into MLOps with strong Kubernetes/AWS experience. Suggested agenda: (1) quick backgrounds and goals (10 min), (2) concrete deployment/CI-CD questions and examples (15 min), (3) career-path and next-step advice (10 min). A few starters: What deployment challenge taught you the most? How do you approach automating model rollouts? Would you like to follow up with resources or a short pairing session on a hands-on task?"
CjLfHrKkMjuKknN2uhWyLV,Ay2uCnquvP5diod8ZFes6w,0.5932321373934614,"This ML engineer focuses on language technologies and enjoys automating workflows and helping others learn, which aligns well with the seeker's interest in NLP, backend systems, and internship preparation.","[""Recent NLP projects or experiments you're most proud of"", 'Practical tips for automating ML workflows and using cloud tooling', 'How to prepare projects and resumes for internship applications', 'Thoughts on ethical considerations in language-model development']","Hi — I’m introducing two participants: a student building NLP and backend projects who’s learning ML fundamentals, cloud tooling, and preparing for internships, and an ML engineer focused on language technologies who enjoys automating workflows and mentoring others. I paired you so you can discuss practical NLP project advice, automation/cloud tooling tips, and internship/early-career guidance. A good first question: what recent NLP project taught you the most, and what would you recommend building next to show internship readiness?"
cM4dFVNVj5Wd5ArrMZ7nwd,hWXbAcPHj4e3CvX5YBzG5m,0.40278280569955444,"Both are students shifting into practical ML work — the candidate has hands-on experience building RAG prototypes and local inference frameworks, which complements the seeker's web-dev background and interest in collaborative AI/IoT/robotics projects and internships.","['Walk through a recent RAG or local-inference prototype you built — challenges and lessons', 'Ideas for small ML + web/IoT projects to add to a portfolio', 'Strategies for finding internships and collaborative research projects']","Hi — I’m introducing you because you’re both students actively moving into ML and looking for hands-on projects and internships. The candidate has built RAG prototypes and local inference tooling, which pairs well with your web development skills and interest in AI/IoT/robotics. Suggested first meeting: 1) quick intros and current projects (10 min), 2) share one prototype idea you could collaborate on (15 min), 3) discuss next steps for a joint mini-project or internship outreach (5–10 min)."
MAwcqVU4Gcewataa3ePgTD,R2Pcqp4eDydjGCsHwRWzcH,0.43338185383666195,"This candidate focuses on building scalable predictive systems and productionizing LLMs/MLOps, which directly complements the seeker's entrepreneurial interest in agentic AI, rapid prototyping, and productizing sustainable solutions.","['Productionizing LLMs and common deployment pitfalls', 'Rapid-prototyping workflows and tooling for ML-powered products', 'Applying agentic AI in sustainable business use cases', 'Go-to-market considerations for ML features']","Hi — I’m connecting a Sales & Marketing entrepreneur working at the intersection of business, sustainability, and agentic AI with an ML engineer experienced in building scalable systems and productionizing LLMs. You could use this chat to compare prototyping workflows, deployment challenges, and how to translate ML capabilities into sustainable product features. Would you both be up for a 30-minute virtual coffee to share experiences and explore collaboration?"
9j4pgoFNtWi5VpQ6jF85Xa,PVBg8cBmzrX7ou5qdeWoBJ,0.5835174447666763,"A senior ML engineer with strong production data-systems and ETL experience complements your focus on building efficient, interpretable, and scalable ML prototypes.","['Scaling prototypes to production: ETL, feature engineering, and deployment', 'Model interpretability techniques for genomics and satellite data', 'Reducing inference latency and improving model efficiency in production']","Connecting a data scientist-in-training with an experienced ML engineer who has built production features and optimized ETL pipelines. They can offer practical tips on moving prototypes to production, speeding up data workflows, and balancing interpretability with operational efficiency for genomics and satellite projects."
Bc96S6sA3dtUx6vfq7tmAU,gvqdCvLaPnJiHLkpRCZs2y,0.5323920752053872,This ML engineer focuses on MLOps and open-source tooling and has experience transitioning into ML—making them a strong fit to advise a cloud engineer moving into AI/ML on practical Kubernetes/AWS deployment patterns and community-driven learning.,"['Open-source MLOps projects and how to get involved', 'Kubernetes patterns for serving and autoscaling models on AWS', 'Practical first projects/portfolio pieces for transitioning into ML', 'Automating CI/CD and workflows for model deployment']","Hi — I’m connecting a student cloud engineer pivoting into AI/ML with an ML engineer who works on MLOps and open-source tooling. You both care about practical systems, Kubernetes/AWS deployments, and making ML accessible — this is a chance to share deployment patterns, mentorship tips, and potential small open-source or hands-on projects. A good way to start: briefly describe a recent project and one challenge you’d like to tackle together."
o8VKqHET5DcZdt8pumZ8TQ,4EZBFEFqyQ2CRDfT8GuwUX,0.49600985969785505,"This candidate works on AI-driven protein design and automating end-to-end ML workflows in biotech, giving strong domain overlap with genomics and medical data. Their experience with scalable, cloud-native MLOps complements your focus on interpretability, efficiency, and production systems.","['AI-driven protein design and parallels with genomics modeling', 'Automating end-to-end ML workflows and cloud-native MLOps best practices', 'Interpretable model techniques for medical data', 'Strategies for efficient deployment and monitoring of models']","Hi — I’d like to introduce two participants: one is a data scientist-in-training focused on genomics, medical, and satellite data with an interest in interpretability and scaling; the other is a data scientist specializing in AI-driven protein design and automating end-to-end ML workflows in biotech. I thought you’d have a lot to share on domain-specific modeling, interpretable approaches, and how to productionize models efficiently. Would you like to schedule a 30-minute virtual coffee to connect?"
4cfvoyicA8ufVaQnuozoVx,AqNZKhY8BTEZyVh8FU9dzG,0.5470912704820156,"This ML Engineer actively contributes to open-source and is seeking research collaborations and mentorship on publications, making them a strong fit to help a graduate student develop ML/MLOps skills and get involved in projects and early-career opportunities.","['How you each contribute to open-source and easiest first PRs to try', 'Experiences with writing or collaborating on research papers and submissions', 'Bridging research code to reproducible MLOps pipelines', 'Early-career portfolio and job-search advice']","Connecting you because you’re a graduate student focused on ML, MLOps, and open-source contributions; this buddy is an ML engineer interested in research collaborations and open-source work. They can offer practical advice on getting started with contributions, collaborating on publications, and making research work production-ready. Suggested first meeting: brief intros, share current projects/goals, and pick one concrete next step to collaborate on."
LgwsAzZLaYbqdhu375imtF,cfsbd8RFkEg9QMex5JJGEC,0.07872193897953834,"Both are ML researchers focused on visual perception; the chosen candidate’s PhD work in autonomous mobility, remote sensing, object detection and explicit LLM–vision integrations nicely complements the seeker’s classification experience and growing interest in generative models.","['Object detection and remote-sensing datasets vs. standard CV datasets', 'Integrating LLMs with perception pipelines (captioning, grounding, multimodal prompts)', 'Deployment and monitoring strategies for vision models in production', 'Teaching and mentoring approaches for data science coursework']","Hi — I’m introducing two ML practitioners who both work on computer-vision and perception. One brings hands-on classification and mentoring experience; the other brings PhD-level work in autonomous mobility, remote sensing, object detection and LLM–vision integrations. This is a good chance to compare approaches to model development, discuss ways to combine generative/LLM methods with perception, and swap tips on deployment and teaching. Suggested first topics: object-detection challenges, LLM–vision integration ideas, and production/monitoring best practices."
QVqjGaGbw4jFE5gdpLEbrx,H6f6VEoSSJDWTDyNE8Apic,0.6317417151931427,"This lead MLOps and AI engineer specializes in designing scalable, production-ready ML solutions, which complements your fraud-detection focus and monitoring-aware pipeline experience for practical deployment and operations discussions.","['Monitoring and alerting strategies for fraud-detection models in production', 'Design patterns for scalable ML pipelines and model rollback', 'Balancing latency, explainability, and accuracy in deployed fraud systems']","Hi — I’d like to introduce two people who should have a useful conversation: a data scientist focused on fraud detection and monitoring-aware ML pipelines, and a lead MLOps/AI engineer who builds scalable, production-ready ML solutions. I thought you could exchange practical tips on monitoring, deployment patterns, and trade-offs when productionizing fraud models. Would you like to schedule a 30-minute coffee chat to dive in?"
JKXPNcpm9hfGGDeapTSYC4,XQhY7bUJeacpgCBVWZsWdh,0.6083090424855542,Both are ML engineers focused on production ML and MLOps; the candidate’s open-source maintainer experience complements the seeker’s work on scalable NLP/chatbot deployments and retrieval pipelines. This pairing should yield practical tooling and deployment best-practices exchange.,"['Open-source MLOps tooling and best practices', 'Scaling and deploying conversational agents', 'Designing retrieval pipelines for financial documents', 'Monitoring, cost optimization, and incident postmortems']","Pairing two ML engineers who prioritize productionizing models and practical MLOps. The candidate’s open-source and tooling experience pairs well with the seeker’s focus on scalable NLP, chatbots, and financial-document retrieval—great topics to swap concrete tips, deployment patterns, and monitoring strategies."
QP6N5qJu22NW2uHY8mQpjm,ehXiLyoCYDvVf2nK8r3JWp,0.5027914787519318,"This ML Scientist is a full‑stack practitioner who deploys models to production and runs Kubernetes‑based inference, which directly complements the seeker's goal to learn production ML and cloud architectures.","['Moving models from research to Kubernetes production', 'Monitoring, latency vs. cost tradeoffs for inference', 'Cloud architecture patterns for scalable ML deployments', 'Applying GenAI in financial modeling (evaluation and safety)']","Hi — I paired an early‑career Data Scientist focused on financial modeling and GenAI (eager to learn production ML and cloud architectures) with an ML Scientist who works end‑to‑end from data and features through deployment and Kubernetes‑based inference. It should be a great conversation about practical steps to productionize models, cloud deployment patterns, monitoring and cost/performance tradeoffs, and early‑career growth in MLOps."
BvnkHoAmAZ7WLFtzyzheP6,YgprDzrP7Yxv3nrjmrWjCN,0.399788472201433,This Data Scientist is a Math PhD with hands-on experience deploying computer vision models in healthcare and a history of mentoring early-career practitioners—ideal for a graduating CS student seeking guidance on career paths and practical engineering skills.,"['Transitioning from research to production deployments (CV in healthcare)', 'Key technical and soft skills for new grads entering industry', 'How mentorship shaped their early-career decisions']","Hi — you’ve been paired with an experienced data scientist who combines research depth (Math PhD and CV work) with real-world deployment and mentoring experience. They can offer practical advice on choosing a focus area, preparing for engineering roles, and bridging research-to-product work; a good opener is asking what projects helped them decide on their current path."
n6WyFFTWwyNiGVkLK2o65t,2ms84RK6aWj6QiUB5AVuRJ,0.43790688536965305,"This technologist combines product, consulting, and startup experience with end-to-end ML and engineering knowledge—well suited to advise a software engineer moving into product and AI hardware strategy.","['How you approached shifting from engineering to product in ML/AI roles', 'Prioritizing product features given hardware constraints for AI systems', 'Trade-offs when building end-to-end ML solutions (model vs infra)', 'Communicating technical depth to product and business stakeholders']","Quick intro: You’re paired because the seeker is a software engineer transitioning toward product and business roles focused on AI hardware, and the chosen buddy brings product, consulting, and startup experience across ML, data, and engineering. This pairing should be useful for discussing product strategy for AI hardware initiatives, end-to-end system trade-offs, and practical steps to move from a technical engineer role into product-facing leadership."
K7PfMrYh9juJS7D6diW9vH,4A9G4CJPjWVQRxTvqPyvNd,0.5887265906039642,"This ML engineer is actively transitioning into MLOps and has community-talk experience, making them a strong match to discuss building end-to-end pipelines and operational best practices; they also share a music hobby for personal rapport.","['Designing end-to-end MLOps pipelines for production', 'Approaches to democratizing data within organizations', 'Lessons from transitioning from computer vision to MLOps/NLP', 'Music and tech — bringing hobbies into community work']","Pairing a data engineer focused on end-to-end MLOps and data democratization with an ML engineer who’s transitioning into MLOps and is active in community talks. This should make for practical conversations about pipeline design, deployment patterns, and career transitions, plus a friendly personal connection through shared musical interests."
Ad2W8yGXcNHxVZxpzxTsXM,A4RMFqSDewLhEhzVv4UKQx,0.5054232899348658,"This candidate is an MLOps engineer focused on taking prototypes to production with strong experience in model deployment and monitoring, which complements your cloud-ops background and your goal to move deeper into MLOps.","['Model deployment patterns and CI/CD for models', 'Monitoring model performance and handling drift in production', 'Packaging and scaling ML services on cloud infrastructure']","Connecting you with an MLOps engineer who specializes in taking models from prototype to production and building monitoring/observability around deployments. This pairing is intended to help you translate your system-level cloud operations experience into practical MLOps practices—good first questions: What deployment patterns and CI/CD workflows have worked best for you, and how do you approach monitoring and alerting for model issues in production?"
cL3ztJAwUT4nSkoThSRCAA,DswfMaPVvSf8JfZ2NKX9rP,0.6603554786310953,"This ML engineer focuses on shipping scalable production ML systems while following the latest LLM breakthroughs, which complements an independent researcher working on generative image/NLP transformers and sparse model experiments — a strong pairing for bridging research and productionization.","['Sparse transformer implementations and performance/accuracy trade-offs', 'Scaling and cost-optimization strategies for LLM deployments (endpoints, monitoring)', 'Recent generative experiments across image and NLP and reproducibility tips']","Hi — connecting an independent ML researcher working on generative image/NLP transformers and sparse models with an ML engineer who ships scalable production ML systems and explores LLM breakthroughs. You might compare recent experiments, discuss trade-offs when moving models toward production, and sketch small collaboration or reproducibility steps to try together."
2xeJRUienQ9YNupEbnJ9mk,Rw6HXUkgyMd8ktqaF3fD43,0.5434998184657962,"Both are early-career ML engineers and Rw6's hands-on experience deploying and monitoring models in production complements the seeker's computer-vision focus and interest in MLOps, enabling practical knowledge exchange.","['Deploying and monitoring computer-vision models in production (endpoints, metrics, alerts)', 'Building CI/CD and MLOps pipelines for model updates', 'Ideas for community content or demos (talks, YouTube videos)']","Hi — I’m connecting two early-career ML engineers: one focused on computer vision and exploring NLP and MLOps who also creates community content, and the other with practical experience deploying and monitoring production models. This pairing is a chance to exchange concrete tips on model endpoints, monitoring and CI/CD, and to brainstorm demo/content ideas you could share with your audiences. Suggested first topics: deployment workflows, monitoring strategies, and simple demos to document for a talk or video."
2FQ7ez74UQJnPDV4FHP6Vf,iKyvxeM7N9ssZGumnV8DYq,0.5631138777914662,"The candidate's senior ML-engineering and cloud-infrastructure experience (data lakes, MLOps stacks) closely complements the seeker's focus on high-volume GCP pipelines, streaming/batch orchestration, and analytics.","['GCP patterns for streaming vs batch pipelines', 'Integrating data lakes with MLOps stacks', 'Orchestration, monitoring, and reliability at scale', 'Community-building and sharing best practices for infra']","Hi — connecting a Data Engineer focused on high-volume GCP pipelines with a Senior ML Engineer who builds data lakes, MLOps stacks, and cloud infrastructure. You likely have useful experiences to swap on pipeline architectures, model delivery, orchestration, and monitoring; feel free to start by sharing a current project or a recent engineering challenge you'd like input on."
UAq2qitpJWGJPqSkjA5Pd9,TSAzk5dkETDcuNqJLhhrFh,0.40001878212205483,"This candidate focuses on LLMs, RAG systems, and operationalizing language models—experience that complements a CV-focused ML engineer aiming to broaden into NLP/generative applications and production practices.","['Differences in productionizing vision vs. language models', 'Practical tips for building RAG systems and retrieval pipelines', 'Potential LLM/biotech use cases and data privacy concerns', 'Steps to transition from CV projects to NLP/generative projects']","Connecting you because both have ML engineering/production-focused backgrounds: you bring computer-vision and biotech domain expertise, and the buddy brings hands-on experience with LLMs, RAG, and model operationalization. This is a chance to swap practical deployment lessons, explore cross-domain use cases (e.g., LLMs in healthcare), and discuss approaches for expanding your skillset into language and generative systems."
oHNRvFifowsBx3uuknVm26,4AhcJwBatHEtbZ9FxRqG25,0.3644077781109232,"This candidate is an experienced data engineering and MLOps leader focused on model serving at scale, which complements the seeker's work deploying geospatial ML in agriculture and can help with productionizing and scaling models in the field.","['Deploying geospatial models with intermittent/edge connectivity', 'MLOps strategies for monitoring and serving models at scale', 'Outdoor sports or music as weekend downtime']","Pairing an ML engineer building geospatial agricultural models with a seasoned data engineering/MLOps leader — a practical match to discuss hands-on production pipelines, model serving tradeoffs for field deployments, and scaling/monitoring strategies; plus shared outdoor hobbies to break the ice."
46indhp32bq5FRwycrb5xD,9mR2uunoqyrsauj4vvri8b,0.5575745236834803,"Both are data engineers; the candidate’s background as a technical advisor and product-team lead makes them well-suited to help a curious generalist explore which specialization (hands-on engineering, product, or strategy) to pursue.","['How you decide which area to specialise in next (infra, ML ops, product, etc.)', 'Balancing hands-on engineering with advisory or leadership work', 'Examples of data strategies that worked at early-stage teams']","Pairing a curious, cross-disciplinary data engineer with a seasoned data engineer who has advised founders and led product teams—great for discussing career paths, hands-on vs advisory tradeoffs, and practical steps to specialise."
TXGiYTkT9VYtpDUmNeFVs2,L48dBJNBuTYcFWzbYnvRLk,0.5082971980202131,This candidate is a longtime developer and educator in ML/MLOps who runs workshops and writes about AI engineering—ideal for translating industry practices into curriculum and hands-on materials. Their experience publishing and teaching offers practical examples and exercises you can adapt for data science programs.,"['Designing hands-on MLOps workshops and labs for students', 'Key industry skills to include in an entry-to-mid-level data science curriculum', 'Real-world case studies and reproducible exercises for course materials']","You’re paired because the seeker leads curriculum development for data science programs and the buddy is an experienced ML/MLOps educator and workshop leader. This is a great chance to discuss practical lab designs, which industry skills to prioritize in courses, and concrete case studies or exercises you can adapt for classroom use. Enjoy the conversation!"
9RF5dVytrz8zjLSTpAXmjY,ct4g9rXWhereMhLqx3oxxJ,0.5067068464700393,"Their data‑engineering experience across life sciences, fintech, and ad‑tech complements your generalist role bridging technical teams and leadership — they can share practical pipeline and domain lessons while you offer perspectives on communicating tradeoffs and strategy.","['How you bridge data engineering and leadership on cross‑functional projects', 'Differences in recurring data patterns and domain practices across life sciences / fintech / ad‑tech', 'Work-life balance: yoga/mindfulness practices and recommended edgy reads']","Hi — I paired you because your strength in translating technical work for leadership pairs well with a data engineer who has broad domain experience; it should be a good chance to swap practical approaches to pipelines, domain-specific data patterns, and stakeholder communication. Suggest a 30‑minute chat to discuss a current cross-team challenge and share one personal interest (a book or a yoga practice) to break the ice."
UHFYJWhadETbRmuHtQw43T,55Q7HqZyhNepNDBExEavhK,0.45211510054664933,"Both are ML engineers and the candidate has direct experience building and deploying computer-vision models on edge devices and creating reproducible tooling, which complements the seeker's goals to expand into IoT, vision, and secure model deployments.","['Edge computer-vision deployment challenges and optimizations', 'Reproducibility tooling and ML infra for production', 'On-device privacy/security trade-offs for IoT models', 'Practical steps for entering the German/European market']","Hi — pairing two ML engineers: one exploring vision and IoT plus secure deployments, and the other who has shipped CV models on edge devices and built ML infra/tools. A few useful starters: share a recent edge deployment you’re proud of, compare reproducibility/CI practices, and discuss regulatory or market considerations for launching in Germany."
8JrzZpNxnA9BowQ6mRBaaG,6fb8J9bzqBLggNVWRS4Vsv,0.6125626945299489,"Strong role and interest alignment: both are ML/data engineers focused on operationalizing models, cost/performance optimization, and automation, and the candidate has a proven track record of measurable cost and performance improvements through structured pipelines.","['Strategies for cost‑efficient model deployment and inference', 'Best practices for model/data pipeline automation and orchestration', 'Monitoring, alerting, and SLOs for ML systems', 'Measuring ROI and demonstrating performance gains from engineering changes']","Hi — I’m introducing two practitioners who both focus on operationalizing ML and improving cost/performance through efficient data pipelines and automation. This would be a great chance to swap recent wins, tooling choices, and how you measure ROI; a 30‑minute chat where each person shares one recent optimization and one current challenge should be a good place to start."
9GvYzxpmnVDDVmDGRRhEWx,QRdCGah3ktvB87zfyWjEMY,0.571243499951126,Both are data scientists focused on turning models into reliable product features: the candidate's experience productizing generative AI and building robust model delivery pipelines complements the seeker's end-to-end production work on audio and vision systems.,"['Productizing generative models for enterprise products', 'Deploying and monitoring audio/vision models at scale', 'Designing CI/CD and model delivery pipelines', 'Balancing model quality with production reliability']","Hi — pairing two data scientists who both focus on productionizing ML: one brings deep experience shipping end-to-end audio and vision systems, and the other specializes in integrating generative AI into enterprise products with robust delivery pipelines. Thought you might enjoy swapping practical tips on deployment patterns, monitoring, and pipeline best practices."
H9AACr2mbQyFDA9yf2VqPd,5t9grAEGasfokYngMXiz3o,0.44779792005170865,"The candidate leads technical teams building clinical AI products, which complements the seeker's ML research experience in healthcare and insurance and offers practical insight on productization and team leadership. This pairing should spark useful conversations about moving research into regulated clinical deployments and mentoring junior engineers.","['Challenges of turning ML prototypes into clinical products (validation, data, regulatory)', 'Best practices for mentoring and scaling ML teams in industry', 'Trade-offs between research accuracy and product/operational constraints']","Hi — I’m connecting an experienced ML researcher with a technical lead who builds clinical AI products. You can compare notes on deploying research into clinical settings, productization strategies, and approaches to mentoring and growing ML teams. Looking forward to what you’ll learn from each other!"
TpsnfvHinfZA9wjHSn9QrV,NGcC5ZB8gVwAfzfoj6Ab92,0.34861680911069315,"Both are ML researchers/practitioners focused on bringing research into products: the candidate’s experience with neural interfaces, robotics, and ML tooling complements the seeker’s vision/imaging expertise and leadership in healthcare, making for practical conversations about productizing models and managing costs.","['Integrating ML research into product workflows and controlling inference/deployment costs', 'Vision/imaging applications vs. neural interfaces & robotics — cross-domain ideas', 'Leadership challenges when deploying ML in healthcare/insurance', 'Work–life balance and hobbies outside work']","I’m pairing you because you both bridge research and product: one brings vision/imaging and leadership in healthcare, the other brings neural interfaces/robotics experience and ML tooling knowledge. For your first chat, share a recent project where you had to balance model performance, cost, and product constraints, and swap practical tips for moving research into production."
5fW2PewKGo2QPw7NBxDihp,hbHVcnvnhXiyNQsLaPRNsF,0.3025374039633929,"Strong role alignment: both are practicing data scientists with applied ML experience in healthcare and productionizing models. The candidate's Math PhD and hands‑on PyTorch deployment experience complement the seeker's freelance statistical ML and consulting focus for practical, technical exchanges.","['How you scope and price freelance ML/consulting projects', 'Validation and deployment of ML models in healthcare (clinical constraints, metrics)', 'Practical PyTorch workflows and moving models to production']","Connecting a freelance data scientist/physicist with a Math PhD data scientist experienced in computer vision and clinical ML—this pairing should be useful for sharing consulting best practices, model validation strategies in healthcare, and hands‑on deployment tips with PyTorch."
Cds5P2sriPSLJJ62gVZmLp,KypafBSBEBYUfBHNVfvEVT,0.30223163472767467,"This candidate is a product-focused data scientist centered on safe, human-centered AI, making them a strong match to advise a chemistry-to-AI career switcher on practical skills, career paths, and safety-minded product design.","['How you transitioned into AI from a different background and first programming steps to prioritize', 'Practical resources or projects to learn applied ML and safety practices', 'Examples of human-centered design choices that improve AI safety', 'Balancing learning with outdoor hobbies and other commitments']","Connecting a career switcher (chemistry → software/AI safety) with a product-focused data scientist who works on safe, human-centered AI. This pairing is intended to surface practical learning steps, safety-minded product practices, and realistic paths into industry roles."
ZyZ9vqbDBrJXeqpavtYZ3c,ih4KTPFg9XPFc9Vkm64SaB,0.1965269812403154,"This ML Engineer bridges data and infrastructure with a focus on clean, practical ML solutions — a great complement to your shift into MLOps advocacy and building interactive demos and OSS workflows.","['Transitioning from ETL/consulting into MLOps — lessons and pitfalls', 'Designing interactive demos that highlight infra and developer UX', 'Best practices for connecting data pipelines to production ML systems', 'OSS maintainer workflows and collaborative community moderation']","Hello — connecting a Developer Advocate (recently moved from ETL and consulting into MLOps, OSS maintainer, demo-builder) with an ML Engineer who focuses on connecting data, infrastructure, and real-world products and values clean, practical ML solutions. You both work at the intersection of developer experience and production ML, so it could be useful to swap stories about demo tooling, reproducible pipelines, platform patterns, and tips for engaging developer communities."
dX9Ati84qgb6cw4LD9Qb5d,kpS5Cc36Rn8w6NTkLKqgRz,0.46047438183364675,"This founder focuses on AI-first automation and integrating code with AI-driven tooling, which complements your work experimenting with AI tools and advocating for great developer experience—great for exchanging ideas on reproducible, developer-friendly workflows.","['Tools and patterns for reproducible AI experiments (notebooks, pipelines, templates)', 'Automating developer workflows with AI integrations and CI/CD', 'Practical tips for improving developer experience and documentation']","Hi — I’m connecting you with a founder building AI-first automation and integrating code with AI tooling. They can share practical approaches to speeding development and automating reproducible workflows, and you can bring hands-on experiments and developer-focused documentation practices. A few good starting topics: reproducible experiment setups, AI-driven dev workflow automations, and DX best practices."
6RMgNttBMkdHpcb6b9TPHL,eXLsVVKw4dxAtrerL4eLar,0.4853406957790266,"Their product leadership and business‑AI experience complements your consulting and AI‑agent work, making them a valuable peer for translating technical strategy into user‑facing products and launch plans.","['Translating data strategy into product roadmaps', 'Designing user‑centric AI agents and cross‑functional launches', 'Community building and collaborating on team-driven projects (or water‑sports meetups)']","Hi — we’re pairing you because both of you operate where AI meets product and strategy: one builds AI agent solutions and advises on data strategy, and the other leads user‑centric AI product development from discovery to launch. This match is intended to spark conversations about productizing models, aligning technical roadmaps with business goals, and collaborative/community initiatives."
KKXHTH5BLvMJXGyVBWWGFT,Lny24D88RU7FWtyHNqG4my,0.4362940775740893,This candidate’s MLOps experience building model endpoints and CI/CD complements your founder background and will help productionize and scale your health‑AI product for collaboration in Amsterdam. Their deployment focus pairs well with your cross‑region scaling expertise.,"['CI/CD and monitoring best practices for clinical ML models', 'Strategies for safely deploying and versioning models across regions', 'Open-source MLOps tools and lightweight endpoints for edge/IoT health devices']","Connecting a founder building an AI healthtech product with an experienced MLOps engineer focused on model endpoints and CI/CD. You were paired because your product and scaling experience complements their deployment expertise — a practical match to move prototypes into reliable, monitored production and discuss regional considerations for Amsterdam."
cQFT9F6D68rTNTrRSSMn4v,ZMwoSEbiMWwYWY6iwGvhFp,0.12517079290274294,"This principal software engineer focuses on MLOps and agentic workflow systems, which complements your cloud-architecture emphasis on infra and reliable ML workloads; you also share an interest in fitness/outdoor activities that can help build rapport.","['Scaling ML infrastructure and agentic workflow patterns', 'Reliable deployment and inference strategies for production ML', 'Work–life balance: fitness and outdoor hobbies']","Hi — pairing a Cloud Architect with a Principal Software Engineer who works on MLOps and agentic workflow systems. You both prioritize building reliable, scalable ML systems and value staying active outside work; good starter topics are scaling ML infra, designing agentic workflows, and balancing operational responsibilities with fitness/outdoor time."
8nAwHdozkErxLq9vWZVHR8,a8fgup8XJ3smVcHYfig7KX,0.44572877081714046,"Their applied LLM and engineering focus on automating workflows and multimodal inputs complements your expertise in efficient inference and compact model design, making for practical exchanges on deployment and latency/memory trade-offs.","['Approaches to reducing LLM inference latency and memory footprint', 'Techniques for model compression (distillation/pruning/quantization) in production', 'Applying multimodal models to authoring and writing workflows', 'Tooling and pipelines for automating repetitive AI-powered tasks']","Connecting you because both work hands-on with LLMs and production engineering: one leads work on efficient, compact models and large-scale serving, and the other builds AI-driven authoring and multimodal features to reduce repetitive work. A short conversation could surface concrete optimizations (compression, inference tuning), real-world integration tips, and useful tooling for deploying compact models in user-facing products."
kBt5ZbuCBmuMuNLytVkqwz,LQrAK97a53mqNBhsN2fGt6,0.3736057758798073,"This candidate is a fellow ML engineer and generalist who builds ML platforms and supports product teams across the ML lifecycle, which complements the seeker's GenAI/blockchain background and leadership focus for both technical and managerial conversations.","['Designing ML platforms that scale across product teams', 'Practical GenAI deployment patterns and tooling', 'Transitioning from hands‑on engineering to leading ML teams']","Hi — connecting two ML engineering generalists who enjoy building platforms and shipping GenAI features. This pairing should be great for discussing platform design, GenAI deployment practices, and experiences moving into leadership roles. Enjoy the conversation!"
FmY89v3GwqfGg7RqQJQkKe,mizMcMJ2uEuAxfzB8JcVFz,0.4910291280427206,"Both are hands-on management leaders focused on bringing GenAI and MLOps into financial services, so they can exchange practical approaches for building production-ready ML platforms and teams.","['Implementing GenAI features in regulated financial products', 'MLOps best practices for model governance and deployment at scale', 'Hiring and structuring teams for platform + modeling collaboration']","Hi — I’m connecting a platform lead who builds ML/AI platforms for financial services with a hands-on leader experienced in bringing GenAI, neural models, and MLOps into finance. You share a focus on production-ready systems, team structure, and regulatory constraints, so this is a good chance to compare strategies for scaling platforms, model governance, and balancing innovation with compliance."
XLZZQEpQs6593d2qjg8jHg,Fp9XhyhZvHaGU5DoRxSWMY,0.4640700295251919,"A hands-on ML scientist focused on privacy-first, pragmatic AI deployments complements your deep‑tech management background in NLP, forecasting, and formal methods by combining rigorous technical thinking with deployment experience.","['Privacy-enhancing techniques for NLP deployments', 'Applying formal methods to model validation and forecasting', 'Turning research prototypes into production-ready systems']","Hello — this pairing connects your deep‑tech management experience in NLP, forecasting, and formal methods with a pragmatic ML scientist who emphasizes privacy-preserving and production-focused AI. Good topics to start with: trade-offs when shipping NLP models, integrating PE techniques into forecasting pipelines, and unconventional technical approaches that have worked in practice."
coyorgMFEqMqPU4L6WTVWV,oE9fu9zs84FiC4dsgwF4QZ,0.38194821129872464,"This candidate consults on practical NLP and generative-model product work for startups, which aligns closely with your experience building enterprise chatbots and preference for pragmatic, low-code solutions.","['Low-code approaches for building enterprise chatbots', 'Trade-offs when deploying generative models for customer service (cost, latency, safety)', 'Product-first ML strategies and quick iteration tactics for startups']","Paired because both of you focus on applying NLP and generative models to real product problems at startups—especially enterprise chatbots—and prefer pragmatic, production-oriented solutions. Great first topics: deployment trade-offs, evaluation metrics for customer-facing bots, and low-code patterns for faster iteration."
WHZHQSC7LTgDsdxVUE4i5K,2d3J3hgW3WPiCLiQgj38X4,0.5164527698385966,This candidate focuses on building reliable platforms for data and ML workloads and experimenting with LLM production—complementing your architecture and governance expertise and offering practical insights on productionization and platform policy.,"['Productionizing LLMs and deployment pitfalls', 'Data platform design that supports governance', 'Reliability and monitoring for ML workloads', 'Remote collaboration patterns across cross-functional teams']","Connecting a senior data engineer focused on architecture and governance with an infrastructure engineer who builds reliable data/ML platforms and experiments with LLM production—should be a strong match for sharing approaches to productionization, governance, and remote collaboration."
3Mgd7T8XpKCY383TKZuSeE,FHJ8ffWiPnRuJFo7xUYSAQ,0.37332003429511956,"Their engineering and cybersecurity background combined with a product-oriented data-science approach complements your focus on practical, privacy-preserving AI and deployment challenges.","['Privacy-preserving ML techniques in production (differential privacy, federated learning)', 'Security threats to deployed models and mitigation strategies', 'Balancing product requirements with technical trade-offs when shipping ML features']","Hello — I’m connecting two people who both work on making ML useful and safe in production: one focuses on practical, privacy-preserving AI and deployments; the other brings engineering and cybersecurity experience with a product mindset. This should be a good chance to swap tactics for secure deployments, threat modeling for ML systems, and how to balance capability with data protection. Would you be open to a 30-minute virtual coffee next week? If yes, please share a few time slots that work for you."
YQWNavoDeo65HKdm6ug7o8,3WBmY5W9GNDJckXpDv7WBE,0.40395811138559984,"The candidate is an engineer-founder who builds ML development tools and helps teams adopt robust ML workflows, which complements the seeker's CTO background and need to productize and deploy RAG-based legal applications. Their founder/engineering perspective can offer practical advice on MLOps, scaling, and team processes.","['RAG architectures and retrieval strategies for legal documents', 'ML development workflows and MLOps practices for production', 'Productizing ML features and prioritizing legal-domain requirements', 'Scaling inference and deployment patterns with full-stack/DevOps teams']","Hi — connecting a CTO building RAG-based legal applications with an engineer-founder experienced in ML tooling and helping teams adopt robust ML workflows. This pairing is intended to spark conversation about practical MLOps patterns, trade-offs in retrieval/model selection for legal use cases, and strategies for productizing and scaling ML features."
MhHdPycvYchwGpqAyaZRso,X8DtDkDchzy7adPDREDBGj,0.5063191217519132,"Both have ML research backgrounds and a strong interest in applying models to physical systems; the candidate’s robotics/BCI experience and history of introducing MLOps tooling nicely complements the seeker’s ML, IoT and DSP focus.","['Deploying ML on edge devices and IoT hardware', 'Signal processing/DSP approaches for sensor and BCI data', 'MLOps workflows for robotics and embedded models']","You’re paired because you both bridge ML research and real-world systems: the seeker focuses on ML, IoT and DSP with an interest in open-source hardware, while the candidate has research experience in BCI/robotics and has introduced MLOps tooling in production. This conversation could be a good chance to swap practical tips on deploying models to devices, reproducible research practices, and open-source hardware/software projects."
o8J7vtLD7zhXtefuhcAkDE,DSCwKD6QNZn4dNG75CF5m8,0.29186593137126654,"This prompt designer has completed prompt design courses and is eager to build technical depth, making them a good peer to help bridge your model training/inference experience toward practical prompt engineering and deployment workflows.","['Moving prompts and models from prototype to production (deployment/ops)', 'No-code/low-code prompt tools and integration patterns', 'Practical tips to build technical depth (courses, projects, hands-on practice)']","You’re paired because your background in model training and inference and leadership of a large student data club complements this candidate’s prompt-design experience and eagerness to deepen technical skills. They can share concrete prompt-engineering practices, no/low-code tool experience, and practical steps to move models and prompts into production — a great match for your interest in deployment and ops."
eahaHwPMQFdEezQM4tcKWJ,LiPCLBzCKfv3cogXzXo5JV,0.5305676258989175,"This Head of AI has deep NLP and conversational-systems experience that complements your prompt-design work in fintech. They can offer practical guidance on productionizing prompts, improving conversational flows, and evaluation strategies for high-stakes domains.","['Translating financial rules into safe, effective prompts', 'Bridging prompt design with production LLM features and evaluation', 'Strategies for handling edge cases and compliance in conversational flows']","Pairing a prompt designer from fintech with an experienced NLP/conversational-systems engineer — a good fit to discuss turning complex finance concepts into robust prompts, deploying prompts in production, and evaluating conversational quality. A simple opener: share a recent prompt you iterated on and ask what metrics or monitoring they’d use in production."
6ERJWywDcjUPmERT4hmtKm,RZBdQDRFLgxGFF78c96UpT,0.3091330286123346,"This candidate's cross-functional management, entrepreneurial and educator experience complements a motivated early data scientist by offering guidance on career growth, applying analytics across finance/operations, and developing leadership skills.","['Transitioning from analyst to data scientist — first steps and upskilling', 'Using data science in finance, operations, and product decisions', 'Balancing technical work with entrepreneurship and creative projects', 'Advice on mentorship, teaching, and developing leadership capabilities']","Hi — we paired you because your background as a motivated, team-oriented data analyst aligns well with a manager who blends business, operations, entrepreneurship, and education. This should be a good chance to discuss career growth, how to make your data work have broader business impact, and practical steps toward leadership; a simple first meeting agenda: brief backgrounds, one career goal, and two concrete next steps."
QK98tg4zANcVsFePCw75Wr,jfN93RC7gbdL2RBsikadw4,0.44297936391351106,"This Head of AI has strong experience with language models and recommender systems across startups and big tech, offering leadership and research perspectives that complement your work building end-to-end ML platforms for development, evaluation, deployment, and iteration.","['Scaling ML platforms for LLM workloads', 'Best practices for model evaluation and continual iteration', 'Bridging research models to production recommender systems']","Hi — I’m connecting an ML engineer focused on end-to-end platform work with a Head of AI experienced in language models and recommender systems. This pairing is meant to spark conversations about scaling ML pipelines, improving model evaluation and iteration, and aligning research efforts with production needs."
